"platform_time","exchange_time","trace_id","account_name","instrument_name","trade_id","exchange_trade_id","order_id","exchange_order_id","side","role","price","base_amount","base_asset_name","quote_amount","quote_asset_name","fee_amount","fee_asset_name","is_fee_evaluated","source"
2024-03-23 00:09:51.606865503,2024-03-23 00:09:51.603000000,9189440833438079542,gt.sub1,ADA_USDT|GateioSpot,1990005870075,"",305720005770075,"539669042100",Ask,Taker,0.613300000000000000,75.000000000000000000,ADA,45.997500000000000000,USDT,0.000000000000000000,GT,true,OrderChange
2024-03-23 00:10:37.963539567,2024-03-23 00:10:37.960000000,9189453477824252175,gt.sub1,SOL_USDT|GateioSpot,2010005870075,"",305990005770075,"539669564922",Bid,Taker,174.340000000000000000,0.450000000000000000,SOL,78.453000000000000000,USDT,0.000000000000000000,GT,true,OrderChange
2024-03-23 00:11:00.597524778,2024-03-23 00:11:00.574474000,9189459800012963001,gt.sub1,SOL_USDT|GateioSpot,2030005870075,"7980637033",306320005770075,"539669741009",Ask,Maker,174.500000000000000000,0.450000000000000000,SOL,78.525000000000000000,USDT,-0.001139695210449927,GT,false,Trade
2024-03-23 00:12:22.817868524,2024-03-23 00:12:22.808000000,9189482340003271899,gt.sub1,XRP_USDT|GateioSpot,2040005870075,"",306580005770075,"539670533476",Bid,Taker,0.610550000000000000,65.000000000000000000,XRP,39.685750000000000000,USDT,0.000000000000000000,GT,true,OrderChange
2024-03-23 00:12:25.034001898,2024-03-23 00:12:25.027000000,9189482614881197538,gt.sub1,ADA_USDT|GateioSpot,2060005870075,"",306760005770075,"539670554673",Ask,Maker,0.613500000000000000,75.000000000000000000,ADA,46.012500000000000000,USDT,-0.000667815674891147,GT,true,OrderChange
2024-03-23 00:38:47.208206029,2024-03-23 00:38:47.199704000,9189918021485891433,gt.sub1,ADA_USDT|GateioSpot,2080005870075,"7980834223",310980005770075,"539684551185",Bid,Maker,0.614600000000000000,75.000000000000000000,ADA,46.095000000000000000,USDT,-0.004609500000000000,USDT,false,Trade
2024-03-23 00:41:26.398935632,2024-03-23 00:41:26.391864000,9189961727074654250,gt.sub1,WAVES_USDT|GateioSpot,2090005870075,"7980856042",311500005770075,"539685873558",Ask,Maker,3.646000000000000000,5.485000000000000000,WAVES,19.998310000000000000,USDT,-0.000548500000000000,WAVES,false,Trade
2024-03-23 00:41:26.403886565,2024-03-23 00:41:26.396790000,9189961727074654258,gt.sub1,WAVES_USDT|GateioSpot,2100005870075,"7980856043",311500005770075,"539685873558",Ask,Maker,3.646000000000000000,14.515000000000000000,WAVES,52.921690000000000000,USDT,-0.001451500000000000,WAVES,false,Trade
2024-03-23 00:46:03.035709392,2024-03-23 00:46:03.027000000,9190035944108125097,gt.sub1,WAVES_USDT|GateioSpot,2110005870075,"",312100005770075,"539688127712",Bid,Maker,3.623000000000000000,20.000000000000000000,WAVES,72.460000000000000000,USDT,-0.001048776957591547,GT,true,OrderChange
2024-03-23 01:29:53.316425542,2024-03-23 01:29:53.308000000,9190760797147893709,gt.sub1,DOGE_USDT|GateioSpot,2130005870075,"",316900005770075,"539711239681",Bid,Maker,0.158400000000000000,500.000000000000000000,DOGE,79.200000000000000000,USDT,-0.007920000000000000,USDT,true,OrderChange
2024-03-23 01:38:25.577744770,2024-03-23 01:38:25.568269000,9190901534636479098,gt.sub1,ETH_USDT|GateioSpot,2150005870075,"7981283027",319090005770075,"539716284022",Ask,Maker,3347.060000000000000000,0.020000000000000000,ETH,66.941200000000000000,USDT,-0.001422666477755738,GT,false,Trade
2024-03-23 01:43:57.474516234,2024-03-23 01:43:57.471000000,9190992794101779254,gt.sub1,DOGE_USDT|GateioSpot,2160005870075,"",320210005770075,"539719734794",Bid,Taker,0.160264000000000000,500.000000000000000000,DOGE,80.132000000000000000,USDT,0.000000000000000000,GT,true,OrderChange
2024-03-23 01:46:13.978165933,2024-03-23 01:46:13.973000000,9191030177497240428,gt.sub1,DOGE_USDT|GateioSpot,2180005870075,"",320820005770075,"539720998556",Bid,Taker,0.162117848200000000,500.000000000000000000,DOGE,81.058924100000000000,USDT,0.000000000000000000,GT,true,OrderChange
2024-03-23 01:46:20.804834212,2024-03-23 01:46:20.794000000,9191032101640862986,gt.sub1,DOGE_USDT|GateioSpot,2250005870075,"",320940005770075,"539721069102",Ask,Maker,0.162720000000000000,500.000000000000000000,DOGE,81.360000000000000000,USDT,-0.001150289834582214,GT,true,OrderChange
2024-03-23 01:46:23.080955567,2024-03-23 01:46:23.072270000,9191032376519092321,gt.sub1,ADA_USDT|GateioSpot,2270005870075,"7981348923",321030005770075,"539721084273",Bid,Maker,0.624800000000000000,75.000000000000000000,ADA,46.860000000000000000,USDT,-0.000662613122171946,GT,false,Trade
2024-03-23 01:47:46.167219464,2024-03-23 01:47:46.160336000,9191055741143834833,gt.sub1,DOGE_USDT|GateioSpot,2280005870075,"7981361338",321720005770075,"539721927616",Bid,Maker,0.164044000000000000,500.000000000000000000,DOGE,82.022000000000000000,USDT,-0.001158993923979087,GT,false,Trade
2024-03-23 01:52:03.035367694,2024-03-23 01:52:03.019690000,9191126384765839744,gt.sub1,DOGE_USDT|GateioSpot,2290005870075,"7981399662",324370005770075,"539724569681",Bid,Maker,0.161120000000000000,500.000000000000000000,DOGE,80.560000000000000000,USDT,-0.008056000000000000,USDT,false,Trade
2024-03-23 02:01:28.496548944,2024-03-23 02:01:28.476566000,9191281690782904000,gt.sub1,SOL_USDT|GateioSpot,2300005870075,"7981476864",327110005770075,"539729664442",Bid,Maker,176.090000000000000000,0.450000000000000000,SOL,79.240500000000000000,USDT,-0.001114023618726276,GT,false,Trade
2024-03-23 02:01:30.227077831,2024-03-23 02:01:30.216000000,9191282240536408126,gt.sub1,WAVES_USDT|GateioSpot,2310005870075,"",327730005770075,"539730220866",Bid,Maker,3.663000000000000000,20.000000000000000000,WAVES,73.260000000000000000,USDT,-0.001030089988751406,GT,true,OrderChange
2024-03-23 02:01:30.534966827,2024-03-23 02:01:30.525000000,9191282240536408241,gt.sub1,SOL_USDT|GateioSpot,2330005870075,"",327780005770075,"539730224511",Ask,Maker,175.550000000000000000,0.025000000000000000,SOL,4.388750000000000000,USDT,-0.000002500000000000,SOL,true,OrderChange
2024-03-23 02:01:30.535062950,2024-03-23 02:01:30.527000000,9191282240536445052,gt.sub1,SOL_USDT|GateioSpot,2340005870075,"",327780005770075,"539730224511",Ask,Maker,175.550000000000000000,0.425000000000000000,SOL,74.608750000000000000,USDT,-0.000042500000000000,SOL,true,OrderChange
2024-03-23 02:01:30.538097123,2024-03-23 02:01:30.528000000,9191282240536445057,gt.sub1,DOGE_USDT|GateioSpot,2370005870075,"",327840005770075,"539730226351",Ask,Maker,0.161525000000000000,308.810000000000000000,DOGE,49.880535250000000000,USDT,-0.030881000000000000,DOGE,true,OrderChange
2024-03-23 02:01:31.061965037,2024-03-23 02:01:31.053743000,9191282515417933103,gt.sub1,SOL_USDT|GateioSpot,2390005870075,"7981478219",327920005770075,"539730234575",Bid,Maker,175.560000000000000000,0.450000000000000000,SOL,79.002000000000000000,USDT,-0.007900200000000000,USDT,false,Trade
2024-03-23 02:03:33.910594000,2024-03-23 02:03:33.906000000,9191316050521930258,gt.sub1,SOL_USDT|GateioSpot,2400005870075,"",331770005770075,"539731556278",Ask,Taker,175.920000000000000000,0.450000000000000000,SOL,79.164000000000000000,USDT,0.000000000000000000,GT,true,OrderChange
2024-03-23 02:03:34.520578100,2024-03-23 02:03:34.512000000,9191316325399227215,gt.sub1,DOGE_USDT|GateioSpot,2420005870075,"",331800005770075,"539731566447",Ask,Maker,0.161694000000000000,500.000000000000000000,DOGE,80.847000000000000000,USDT,-0.001131676931690929,GT,true,OrderChange
2024-03-23 02:03:35.070615195,2024-03-23 02:03:35.064000000,9191316600278405668,gt.sub1,DOGE_USDT|GateioSpot,2440005870075,"",331970005770075,"539731573782",Bid,Maker,0.161667000000000000,43.340000000000000000,DOGE,7.006647780000000000,USDT,-0.000098077376539754,GT,true,OrderChange
2024-03-23 02:04:11.495228408,2024-03-23 02:04:11.418436000,9191326221002103020,gt.sub1,SOL_USDT|GateioSpot,2460005870075,"7981498777",337670005770075,"539731666681",Bid,Maker,175.590000000000000000,0.450000000000000000,SOL,79.015500000000000000,USDT,-0.007901550000000000,USDT,false,Trade
2024-03-23 02:04:11.546802405,2024-03-23 02:04:11.535000000,9191326495882886030,gt.sub1,SOL_USDT|GateioSpot,2470005870075,"",337840005770075,"539731938286",Ask,Taker,175.750000000000000000,0.440000000000000000,SOL,77.330000000000000000,USDT,0.000000000000000000,GT,true,OrderChange
2024-03-23 02:08:47.070027232,2024-03-23 02:08:47.066000000,9191402362183500995,gt.sub1,DOGE_USDT|GateioSpot,2490005870075,"",339640005770075,"539734819243",Bid,Maker,0.164004000000000000,91.600000000000000000,DOGE,15.022766400000000000,USDT,0.000000000000000000,GT,true,OrderChange
2024-03-23 02:19:36.900881360,2024-03-23 02:19:36.853619000,9191580757943778177,gt.sub1,DOGE_USDT|GateioSpot,2510005870075,"7981627174",343530005770075,"539741355134",Bid,Maker,0.161308000000000000,500.000000000000000000,DOGE,80.654000000000000000,USDT,-0.008065400000000000,USDT,false,Trade
2024-03-23 02:23:28.016872835,2024-03-23 02:23:28.009000000,9191643979863197739,gt.sub1,DOGE_USDT|GateioSpot,2520005870075,"",344080005770075,"539743275233",Ask,Maker,0.161714000000000000,500.000000000000000000,DOGE,80.857000000000000000,USDT,-0.050000000000000000,DOGE,true,OrderChange
2024-03-23 02:28:08.951642744,2024-03-23 02:28:08.932808000,9191721495433167778,gt.sub1,XRP_USDT|GateioSpot,2540005870075,"7981690524",344380005770075,"539744044334",Bid,Maker,0.612500000000000000,75.000000000000000000,XRP,45.937500000000000000,USDT,-0.000645099002949024,GT,false,Trade
2024-03-23 02:32:22.421853760,2024-03-23 02:32:22.405000000,9191791314421422998,gt.sub1,DOGE_USDT|GateioSpot,2550005870075,"",346080005770075,"539748297747",Bid,Maker,0.159498000000000000,500.000000000000000000,DOGE,79.749000000000000000,USDT,-0.001117715487035739,GT,true,OrderChange
2024-03-23 02:33:18.606012575,2024-03-23 02:33:18.599180000,9191805608071156754,gt.sub1,DOGE_USDT|GateioSpot,2570005870075,"7981732360",346370005770075,"539748793639",Bid,Maker,0.159131000000000000,195.430000000000000000,DOGE,31.098971330000000000,USDT,-0.003109897133000000,USDT,false,Trade
2024-03-23 02:33:18.606096247,2024-03-23 02:33:18.599926000,9191806707585133414,gt.sub1,DOGE_USDT|GateioSpot,2580005870075,"7981732361",346370005770075,"539748793639",Bid,Maker,0.159131000000000000,304.570000000000000000,DOGE,48.466528670000000000,USDT,-0.000678898006303404,GT,false,Trade
2024-03-23 02:34:20.360697050,2024-03-23 02:34:20.351158000,9191823750013219120,gt.sub1,DOGE_USDT|GateioSpot,2590005870075,"7981738884",346600005770075,"539749459603",Bid,Maker,0.158765000000000000,500.000000000000000000,DOGE,79.382500000000000000,USDT,-0.001113515219525880,GT,false,Trade
2024-03-23 02:34:20.420823697,2024-03-23 02:34:20.397585000,9191823750016078601,gt.sub1,DOGE_USDT|GateioSpot,2600005870075,"7981738916",346620005770075,"539749465162",Bid,Maker,0.158600000000000000,500.000000000000000000,DOGE,79.300000000000000000,USDT,-0.007930000000000000,USDT,false,Trade
2024-03-23 02:34:22.338662093,2024-03-23 02:34:22.250673000,9191824024890922518,gt.sub1,ETH_USDT|GateioSpot,2610005870075,"7981739310",346670005770075,"539749474501",Ask,Maker,3332.180000000000000000,0.020000000000000000,ETH,66.643600000000000000,USDT,-0.001402235937719175,GT,false,Trade
2024-03-23 02:34:22.410422818,2024-03-23 02:34:22.400000000,9191824299769077396,gt.sub1,ETH_USDT|GateioSpot,2620005870075,"",346700005770075,"539749489389",Bid,Taker,3334.540000000000000000,0.020000000000000000,ETH,66.690800000000000000,USDT,0.000000000000000000,GT,true,OrderChange
2024-03-23 02:34:23.445892770,2024-03-23 02:34:23.442000000,9191824574646940392,gt.sub1,ETH_USDT|GateioSpot,2640005870075,"",346760005770075,"539749507982",Bid,Taker,3336.330000000000000000,0.020000000000000000,ETH,66.726600000000000000,USDT,0.000000000000000000,GT,true,OrderChange
2024-03-23 02:42:27.680677883,2024-03-23 02:42:27.673000000,9191957615554112602,gt.sub1,WAVES_USDT|GateioSpot,2660005870075,"",348370005770075,"539753728494",Ask,Maker,3.628000000000000000,20.000000000000000000,WAVES,72.560000000000000000,USDT,-0.002000000000000000,WAVES,true,OrderChange
2024-03-23 02:44:34.248973517,2024-03-23 02:44:34.241433000,9191992250170388037,gt.sub1,SOL_USDT|GateioSpot,2680005870075,"7981809806",347970005770075,"539752441320",Bid,Maker,174.480000000000000000,0.450000000000000000,SOL,78.516000000000000000,USDT,-0.001103062658050014,GT,false,Trade
2024-03-23 03:10:08.805021640,2024-03-23 03:10:08.799371000,9192414187759208303,gt.sub1,DOGE_USDT|GateioSpot,2690005870075,"7981985884",353250005770075,"539767876558",Ask,Maker,0.159665000000000000,500.000000000000000000,DOGE,79.832500000000000000,USDT,-0.001128693623639191,GT,false,Trade
2024-03-23 03:17:37.599671903,2024-03-23 03:17:37.590714000,9192537607938158283,gt.sub1,DOGE_USDT|GateioSpot,2700005870075,"7982037894",354990005770075,"539772471518",Ask,Taker,0.157587000000000000,500.000000000000000000,DOGE,78.793500000000000000,USDT,0.017334570000000000,USDT,false,Trade
2024-03-23 03:17:38.043748879,2024-03-23 03:17:38.036433000,9192537607938238194,gt.sub1,SOL_USDT|GateioSpot,2710005870075,"7982037959",355000005770075,"539772471990",Ask,Maker,173.560000000000000000,0.450000000000000000,SOL,78.102000000000000000,USDT,-0.000045000000000000,SOL,false,Trade
2024-03-23 03:17:46.372950637,2024-03-23 03:17:46.365926000,9192539532084168507,gt.sub1,DOGE_USDT|GateioSpot,2720005870075,"7982038684",355210005770075,"539772540642",Ask,Maker,0.157465000000000000,500.000000000000000000,DOGE,78.732500000000000000,USDT,-0.050000000000000000,DOGE,false,Trade
2024-03-23 03:17:56.024201248,2024-03-23 03:17:56.013000000,9192541731108466076,gt.sub1,DOGE_USDT|GateioSpot,2730005870075,"",355340005770075,"539772591428",Bid,Maker,0.157062000000000000,500.000000000000000000,DOGE,78.531000000000000000,USDT,-0.007853100000000000,USDT,true,OrderChange
2024-03-23 03:17:57.848558302,2024-03-23 03:17:57.842000000,9192543105497331575,gt.sub1,DOGE_USDT|GateioSpot,2750005870075,"",355500005770075,"539772648277",Ask,Maker,0.157171000000000000,500.000000000000000000,DOGE,78.585500000000000000,USDT,-0.050000000000000000,DOGE,true,OrderChange
2024-03-23 03:18:51.351204067,2024-03-23 03:18:51.341202000,9192557948905557744,gt.sub1,WAVES_USDT|GateioSpot,2770005870075,"7982046798",355760005770075,"539772957447",Bid,Maker,3.600000000000000000,20.000000000000000000,WAVES,72.000000000000000000,USDT,-0.007200000000000000,USDT,false,Trade
2024-03-23 03:19:23.076163364,2024-03-23 03:19:23.068888000,9192566470118072654,gt.sub1,DOGE_USDT|GateioSpot,2780005870075,"7982051554",356150005770075,"539773498618",Ask,Maker,0.156856000000000000,69.880000000000000000,DOGE,10.961097280000000000,USDT,-0.000155102551011745,GT,false,Trade
2024-03-23 03:19:23.629759553,2024-03-23 03:19:23.622920000,9192566744995957294,gt.sub1,DOGE_USDT|GateioSpot,2790005870075,"7982051658",356150005770075,"539773498618",Ask,Maker,0.156856000000000000,115.830000000000000000,DOGE,18.168630480000000000,USDT,-0.011583000000000000,DOGE,false,Trade
2024-03-23 03:19:23.629878796,2024-03-23 03:19:23.623691000,9192566744996412683,gt.sub1,DOGE_USDT|GateioSpot,2800005870075,"7982051659",356150005770075,"539773498618",Ask,Maker,0.156856000000000000,314.290000000000000000,DOGE,49.298272240000000000,USDT,-0.031429000000000000,DOGE,false,Trade
2024-03-23 03:19:32.223712301,2024-03-23 03:19:32.216956000,9192568944020640854,gt.sub1,DOGE_USDT|GateioSpot,2810005870075,"7982053042",356500005770075,"539773574529",Ask,Maker,0.156879000000000000,325.000000000000000000,DOGE,50.985675000000000000,USDT,-0.032500000000000000,DOGE,false,Trade
2024-03-23 03:22:32.689495562,2024-03-23 03:22:32.633654000,9192618696921283020,gt.sub1,ETH_USDT|GateioSpot,2820005870075,"7982079899",356770005770075,"539774684355",Bid,Maker,3307.920000000000000000,0.020000000000000000,ETH,66.158400000000000000,USDT,-0.009923760000000000,USDT,false,Trade
2024-03-23 03:36:31.484162909,2024-03-23 03:36:31.443736000,9192849319483624374,gt.sub1,ETH_USDT|GateioSpot,2830005870075,"7982196398",360480005770075,"539784173854",Bid,Maker,3276.790000000000000000,0.020000000000000000,ETH,65.535800000000000000,USDT,-0.001393193027210884,GT,false,Trade
2024-03-23 03:36:31.968204599,2024-03-23 03:36:31.885000000,9192849319486099239,gt.sub1,ETH_USDT|GateioSpot,2840005870075,"",360550005770075,"539784303225",Bid,Maker,3273.980000000000000000,0.020000000000000000,ETH,65.479600000000000000,USDT,-0.009821940000000000,USDT,true,OrderChange
2024-03-23 03:36:32.449768162,2024-03-23 03:36:32.444000000,9192849594364006276,gt.sub1,ETH_USDT|GateioSpot,2860005870075,"",360600005770075,"539784316595",Ask,Taker,3273.750000000000000000,0.040000000000000000,ETH,130.950000000000000000,USDT,0.000000000000000000,GT,true,OrderChange
2024-03-23 05:11:58.011107667,2024-03-23 05:11:58.002000000,9194423270381310222,gt.sub1,SOL_USDT|GateioSpot,2880005870075,"",375600005770075,"539836231406",Bid,Maker,171.550000000000000000,0.450000000000000000,SOL,77.197500000000000000,USDT,-0.007719750000000000,USDT,true,OrderChange
2024-03-23 05:22:19.744179930,2024-03-23 05:22:19.738000000,9194594244437484862,gt.sub1,DOGE_USDT|GateioSpot,2900005870075,"",377330005770075,"539843011205",Bid,Maker,0.161463000000000000,500.000000000000000000,DOGE,80.731500000000000000,USDT,-0.012109725000000000,USDT,true,MdPessimisticAnonTrade
2024-03-23 05:32:29.074639325,2024-03-23 05:32:29.065300000,9194761919960284267,gt.sub1,DOGE_USDT|GateioSpot,2920005870075,"7982991667",378610005770075,"539848187091",Bid,Maker,0.162260000000000000,500.000000000000000000,DOGE,81.130000000000000000,USDT,-0.001098429461142702,GT,false,Trade
2024-03-23 05:32:29.125288084,2024-03-23 05:32:29.110889000,9194761919961626605,gt.sub1,DOGE_USDT|GateioSpot,2930005870075,"7982991709",378630005770075,"539848199935",Bid,Maker,0.162218000000000000,500.000000000000000000,DOGE,81.109000000000000000,USDT,-0.001098145139453019,GT,false,Trade
2024-03-23 05:34:35.179045815,2024-03-23 05:34:35.169990000,9194792431410568277,gt.sub1,DOGE_USDT|GateioSpot,2940005870075,"7983003026",378950005770075,"539849075664",Bid,Maker,0.160999000000000000,500.000000000000000000,DOGE,80.499500000000000000,USDT,-0.008049950000000000,USDT,false,Trade
2024-03-23 05:37:21.802057589,2024-03-23 05:37:21.793966000,9194842184312267671,gt.sub1,DOGE_USDT|GateioSpot,2950005870075,"7983023114",379580005770075,"539850729514",Ask,Maker,0.160384000000000000,500.000000000000000000,DOGE,80.192000000000000000,USDT,-0.001081775259678942,GT,false,Trade
2024-03-23 06:03:23.264672453,2024-03-23 06:03:23.257956000,9195271268722289805,gt.sub1,DOGE_USDT|GateioSpot,2960005870075,"7983188042",382800005770075,"539863709996",Bid,Maker,0.160714000000000000,500.000000000000000000,DOGE,80.357000000000000000,USDT,-0.001077171581769437,GT,false,Trade
2024-03-23 06:28:15.124150779,2024-03-23 06:28:15.110329000,9195681661438574132,gt.sub1,SOL_USDT|GateioSpot,2970005870075,"7983354395",385840005770075,"539875849406",Ask,Maker,174.130000000000000000,0.450000000000000000,SOL,78.358500000000000000,USDT,-0.001058898648648649,GT,false,Trade
2024-03-23 06:31:12.744264651,2024-03-23 06:31:12.736000000,9195727016294843456,gt.sub1,SOL_USDT|GateioSpot,2980005870075,"",386480005770075,"539877155669",Bid,Maker,173.750000000000000000,0.450000000000000000,SOL,78.187500000000000000,USDT,-0.007818750000000000,USDT,true,OrderChange
2024-03-23 06:32:24.064270330,2024-03-23 06:32:24.060000000,9195750106039524199,gt.sub1,ADA_USDT|GateioSpot,3000005870075,"",387150005770075,"539878052032",Bid,Taker,0.624400000000000000,150.000000000000000000,ADA,93.660000000000000000,USDT,0.000000000000000000,GT,true,OrderChange
2024-03-23 06:32:49.543181000,2024-03-23 06:32:49.539000000,9195756977984624986,gt.sub1,ADA_USDT|GateioSpot,3020005870075,"",387390005770075,"539878318545",Bid,Taker,0.627300000000000000,6.950000000000000000,ADA,4.359735000000000000,USDT,0.000000000000000000,GT,true,OrderChange
2024-03-23 06:44:29.566662588,2024-03-23 06:44:29.559000000,9195949117641441248,gt.sub1,DOGE_USDT|GateioSpot,3040005870075,"",388910005770075,"539884022962",Bid,Maker,0.160965000000000000,500.000000000000000000,DOGE,80.482500000000000000,USDT,-0.001102348993288591,GT,true,OrderChange
2024-03-23 07:09:42.210663866,2024-03-23 07:09:42.198000000,9196365007915095932,gt.sub1,SOL_USDT|GateioSpot,3060005870075,"",392890005770075,"539897495012",Ask,Maker,175.520000000000000000,0.450000000000000000,SOL,78.984000000000000000,USDT,-0.001078721660748429,GT,true,OrderChange
2024-03-23 07:09:42.663985876,2024-03-23 07:09:42.658000000,9196365282793002956,gt.sub1,XRP_USDT|GateioSpot,3080005870075,"",393050005770075,"539897755947",Bid,Taker,0.616390000000000000,60.000000000000000000,XRP,36.983400000000000000,USDT,0.000000000000000000,GT,true,OrderChange
2024-03-23 07:13:06.370499232,2024-03-23 07:13:06.362000000,9196421357884828465,gt.sub1,SOL_USDT|GateioSpot,3100005870075,"",394360005770075,"539899901221",Bid,Taker,176.500000000000000000,0.450000000000000000,SOL,79.425000000000000000,USDT,0.000000000000000000,GT,true,OrderChange
2024-03-23 07:14:40.867963398,2024-03-23 07:14:40.855000000,9196447196408845462,gt.sub1,DOGE_USDT|GateioSpot,3130005870075,"",394780005770075,"539900329087",Ask,Maker,0.162280000000000000,500.000000000000000000,DOGE,81.140000000000000000,USDT,-0.001105600218013353,GT,true,OrderChange
2024-03-23 07:19:28.927699754,2024-03-23 07:19:28.925000000,9196526361245916948,gt.sub1,SOL_USDT|GateioSpot,3150005870075,"",396480005770075,"539903900959",Bid,Taker,177.050000000000000000,0.230000000000000000,SOL,40.721500000000000000,USDT,0.000000000000000000,GT,true,OrderChange
2024-03-23 07:54:31.173503564,2024-03-23 07:54:31.163000000,9197104429485991741,gt.sub1,XRP_USDT|GateioSpot,3170005870075,"",402060005770075,"539921805081",Bid,Maker,0.614780000000000000,75.000000000000000000,XRP,46.108500000000000000,USDT,-0.000630931855500821,GT,true,OrderChange
2024-03-23 08:06:50.080226425,2024-03-23 08:06:50.070140000,9197307014500996881,gt.sub1,DOGE_USDT|GateioSpot,3190005870075,"7984113133",404020005770075,"539929164952",Ask,Maker,0.162897000000000000,500.000000000000000000,DOGE,81.448500000000000000,USDT,-0.001113901805251641,GT,false,Trade
2024-03-23 08:12:58.904226599,2024-03-23 08:12:58.883890000,9197408719327339461,gt.sub1,DOGE_USDT|GateioSpot,3200005870075,"7984162330",405730005770075,"539932910562",Bid,Maker,0.163266000000000000,500.000000000000000000,DOGE,81.633000000000000000,USDT,-0.008163300000000000,USDT,false,Trade
2024-03-23 08:15:14.148161009,2024-03-23 08:15:14.137347000,9197446102723950876,gt.sub1,DOGE_USDT|GateioSpot,3210005870075,"7984178434",406300005770075,"539934270436",Ask,Maker,0.163268000000000000,500.000000000000000000,DOGE,81.634000000000000000,USDT,-0.001115218579234973,GT,false,Trade
2024-03-23 08:15:14.200348646,2024-03-23 08:15:14.197000000,9197446102723950911,gt.sub1,DOGE_USDT|GateioSpot,3220005870075,"",406420005770075,"539934274416",Bid,Taker,0.163329000000000000,500.000000000000000000,DOGE,81.664500000000000000,USDT,0.000000000000000000,GT,true,OrderChange
2024-03-23 08:15:15.192099988,2024-03-23 08:15:15.189000000,9197446377600215889,gt.sub1,DOGE_USDT|GateioSpot,3240005870075,"",406500005770075,"539934285346",Bid,Taker,0.163339000000000000,500.000000000000000000,DOGE,81.669500000000000000,USDT,0.000000000000000000,GT,true,OrderChange
2024-03-23 08:21:40.878507009,2024-03-23 08:21:40.871260000,9197551930717918858,gt.sub1,DOGE_USDT|GateioSpot,3260005870075,"7984228805",407700005770075,"539937729967",Ask,Maker,0.162607000000000000,500.000000000000000000,DOGE,81.303500000000000000,USDT,-0.050000000000000000,DOGE,false,Trade
2024-03-23 08:39:06.324245326,2024-03-23 08:39:06.276497000,9197839727887907916,gt.sub1,ETH_USDT|GateioSpot,3270005870075,"7984361119",410370005770075,"539946367939",Bid,Maker,3347.610000000000000000,0.020000000000000000,ETH,66.952200000000000000,USDT,-0.001371783909302008,GT,false,Trade
2024-03-23 08:39:08.440131082,2024-03-23 08:39:08.431242000,9197840277643040423,gt.sub1,SOL_USDT|GateioSpot,3280005870075,"7984362072",410700005770075,"539946938470",Ask,Maker,175.260000000000000000,0.450000000000000000,SOL,78.867000000000000000,USDT,-0.000045000000000000,SOL,false,Trade
2024-03-23 08:41:03.179051705,2024-03-23 08:41:03.171259000,9197865291533254409,gt.sub1,WAVES_USDT|GateioSpot,3290005870075,"7984382638",410820005770075,"539947052844",Ask,Maker,3.686000000000000000,1.418000000000000000,WAVES,5.226748000000000000,USDT,-0.000141800000000000,WAVES,false,Trade
2024-03-23 08:50:52.593291745,2024-03-23 08:50:52.581481000,9198030493152307549,gt.sub1,SOL_USDT|GateioSpot,3300005870075,"7984459816",412380005770075,"539952895107",Bid,Maker,175.530000000000000000,0.450000000000000000,SOL,78.988500000000000000,USDT,-0.007898850000000000,USDT,false,Trade
2024-03-23 08:50:52.857982103,2024-03-23 08:50:52.853000000,9198033791687191075,gt.sub1,SOL_USDT|GateioSpot,3310005870075,"",412480005770075,"539953132088",Ask,Taker,175.390000000000000000,0.240000000000000000,SOL,42.093600000000000000,USDT,0.000000000000000000,GT,true,OrderChange
2024-03-23 08:54:10.047307867,2024-03-23 08:54:10.036303000,9198087392879435946,gt.sub1,DOGE_USDT|GateioSpot,3330005870075,"7984483730",412850005770075,"539953549189",Ask,Maker,0.162955000000000000,500.000000000000000000,DOGE,81.477500000000000000,USDT,-0.050000000000000000,DOGE,false,Trade
2024-03-23 09:10:47.045527648,2024-03-23 09:10:47.031813000,9198361995908770056,gt.sub1,ETH_USDT|GateioSpot,3340005870075,"7984610206",415010005770075,"539960355991",Bid,Maker,3337.300000000000000000,0.020000000000000000,ETH,66.746000000000000000,USDT,-0.010011900000000000,USDT,false,Trade
2024-03-23 09:10:47.169715891,2024-03-23 09:10:47.164000000,9198362270786172143,gt.sub1,ETH_USDT|GateioSpot,3350005870075,"",415740005770075,"539963754571",Ask,Taker,3336.480000000000000000,0.020000000000000000,ETH,66.729600000000000000,USDT,0.000000000000000000,GT,true,OrderChange
2024-03-23 09:10:56.955266243,2024-03-23 09:10:56.946000000,9198363920055384306,gt.sub1,DOGE_USDT|GateioSpot,3420005870075,"",415690005770075,"539963721716",Bid,Maker,0.162589000000000000,418.490000000000000000,DOGE,68.041870610000000000,USDT,-0.000937344959498554,GT,true,OrderChange
2024-03-23 09:10:56.955375166,2024-03-23 09:10:56.946000000,9198364744687334883,gt.sub1,DOGE_USDT|GateioSpot,3430005870075,"",415690005770075,"539963721716",Bid,Maker,0.162589000000000000,81.510000000000000000,DOGE,13.252629390000000000,USDT,-0.000182568251687560,GT,true,OrderChange
2024-03-23 09:11:07.202791567,2024-03-23 09:11:07.186149000,9198367768346611829,gt.sub1,DOGE_USDT|GateioSpot,3460005870075,"7984614374",415980005770075,"539963983917",Ask,Maker,0.163031000000000000,500.000000000000000000,DOGE,81.515500000000000000,USDT,-0.050000000000000000,DOGE,false,Trade
2024-03-23 09:11:07.388776723,2024-03-23 09:11:07.384000000,9198367768345100953,gt.sub1,DOGE_USDT|GateioSpot,3470005870075,"",416020005770075,"539963988846",Bid,Taker,0.163032000000000000,500.000000000000000000,DOGE,81.516000000000000000,USDT,0.000000000000000000,GT,true,OrderChange
2024-03-23 09:11:08.679484949,2024-03-23 09:11:08.677000000,9198368043223397338,gt.sub1,DOGE_USDT|GateioSpot,3490005870075,"",416060005770075,"539964006489",Bid,Taker,0.162871000000000000,500.000000000000000000,DOGE,81.435500000000000000,USDT,0.000000000000000000,GT,true,OrderChange
2024-03-23 09:58:48.842315864,2024-03-23 09:58:48.833905000,9199151995013598639,gt.sub1,WAVES_USDT|GateioSpot,3510005870075,"7984987069",423450005770075,"539988681385",Ask,Maker,3.657000000000000000,20.000000000000000000,WAVES,73.140000000000000000,USDT,-0.002000000000000000,WAVES,false,Trade
2024-03-23 10:05:49.855762153,2024-03-23 10:05:49.847488000,9199268818125552235,gt.sub1,SOL_USDT|GateioSpot,3520005870075,"7985048817",425040005770075,"539993366004",Bid,Maker,176.020000000000000000,0.450000000000000000,SOL,79.209000000000000000,USDT,-0.001091484084332369,GT,false,Trade
2024-03-23 10:08:51.635652391,2024-03-23 10:08:51.626847000,9199316097125938711,gt.sub1,DOGE_USDT|GateioSpot,3530005870075,"7985071967",425740005770075,"539994819322",Ask,Maker,0.163797000000000000,500.000000000000000000,DOGE,81.898500000000000000,USDT,-0.050000000000000000,DOGE,false,Trade
2024-03-23 10:13:28.940552296,2024-03-23 10:13:28.932362000,9199396086593777581,gt.sub1,DOGE_USDT|GateioSpot,3540005870075,"7985108476",426610005770075,"539997371714",Bid,Maker,0.163203000000000000,165.600000000000000000,DOGE,27.026416800000000000,USDT,-0.000373705984513274,GT,false,Trade
2024-03-23 10:18:17.989916461,2024-03-23 10:18:17.983000000,9199475251433912115,gt.sub1,DOGE_USDT|GateioSpot,3550005870075,"",427300005770075,"539999091136",Ask,Maker,0.163040000000000000,500.000000000000000000,DOGE,81.520000000000000000,USDT,-0.001127524204702628,GT,true,OrderChange
2024-03-23 10:39:51.425504429,2024-03-23 10:39:51.417743000,9199825995643341624,gt.sub1,DOGE_USDT|GateioSpot,3570005870075,"7985319971",430530005770075,"540011363740",Bid,Maker,0.161406000000000000,500.000000000000000000,DOGE,80.703000000000000000,USDT,-0.008070300000000000,USDT,false,Trade
2024-03-23 11:02:29.073808936,2024-03-23 11:02:29.065000000,9200203952762129184,gt.sub1,DOGE_USDT|GateioSpot,3580005870075,"",434260005770075,"540024362006",Ask,Maker,0.163539000000000000,500.000000000000000000,DOGE,81.769500000000000000,USDT,-0.050000000000000000,DOGE,true,OrderChange
2024-03-23 11:36:04.043153813,2024-03-23 11:36:04.034000000,9200758381502296539,gt.sub1,DOGE_USDT|GateioSpot,3600005870075,"",438980005770075,"540041634471",Bid,Maker,0.163371000000000000,500.000000000000000000,DOGE,81.685500000000000000,USDT,-0.001092782608695652,GT,true,OrderChange
2024-03-23 12:05:11.194497460,2024-03-23 12:05:11.186959000,9201238318325555543,gt.sub1,DOGE_USDT|GateioSpot,3620005870075,"7985976995",441870005770075,"540057057919",Ask,Maker,0.164950000000000000,500.000000000000000000,DOGE,82.475000000000000000,USDT,-0.001112872756712994,GT,false,Trade
2024-03-23 12:15:34.724801565,2024-03-23 12:15:34.717000000,9201409292387011330,gt.sub1,XRP_USDT|GateioSpot,3630005870075,"",442850005770075,"540061711729",Bid,Maker,0.618970000000000000,75.000000000000000000,XRP,46.422750000000000000,USDT,-0.000626318807339450,GT,true,OrderChange
2024-03-23 12:30:11.825552916,2024-03-23 12:30:11.816980000,9201649535677948894,gt.sub1,WAVES_USDT|GateioSpot,3650005870075,"7986173005",444220005770075,"540067302461",Ask,Maker,3.687000000000000000,20.000000000000000000,WAVES,73.740000000000000000,USDT,-0.002000000000000000,WAVES,false,Trade
2024-03-23 12:36:47.273609518,2024-03-23 12:36:47.270000000,9201759761716795508,gt.sub1,DOGE_USDT|GateioSpot,3660005870075,"",445560005770075,"540073002782",Bid,Taker,0.165674000000000000,500.000000000000000000,DOGE,82.837000000000000000,USDT,0.000000000000000000,GT,true,OrderChange
2024-03-23 12:37:21.959557932,2024-03-23 12:37:21.950000000,9201769107566702767,gt.sub1,DOGE_USDT|GateioSpot,3680005870075,"",445820005770075,"540073319976",Bid,Maker,0.165994000000000000,500.000000000000000000,DOGE,82.997000000000000000,USDT,-0.001120823767724510,GT,true,OrderChange
2024-03-23 12:37:31.386278902,2024-03-23 12:37:31.379971000,9201771856346240015,gt.sub1,DOGE_USDT|GateioSpot,3700005870075,"7986233920",445910005770075,"540073406236",Bid,Taker,0.166183000000000000,475.000000000000000000,DOGE,78.936925000000000000,USDT,0.104500000000000000,DOGE,false,Trade
2024-03-23 12:37:40.074123724,2024-03-23 12:37:40.066000000,9201774330248117116,gt.sub1,DOGE_USDT|GateioSpot,3710005870075,"",445950005770075,"540073485891",Bid,Taker,0.166297000000000000,64.250000000000000000,DOGE,10.684582250000000000,USDT,0.014135000000000000,DOGE,true,OrderChange
2024-03-23 12:38:20.897458214,2024-03-23 12:38:20.890000000,9201785325362966179,gt.sub1,DOGE_USDT|GateioSpot,3740005870075,"",446100005770075,"540073768637",Bid,Maker,0.166146000000000000,500.000000000000000000,DOGE,83.073000000000000000,USDT,-0.001119884065785926,GT,true,OrderChange
2024-03-23 12:39:22.251322808,2024-03-23 12:39:22.244000000,9201802367791692942,gt.sub1,WAVES_USDT|GateioSpot,3760005870075,"",446320005770075,"540074060648",Ask,Maker,3.701000000000000000,20.000000000000000000,WAVES,74.020000000000000000,USDT,-0.002000000000000000,WAVES,true,OrderChange
2024-03-23 12:52:03.124829854,2024-03-23 12:52:03.107640000,9202010175490859121,gt.sub1,WAVES_USDT|GateioSpot,3780005870075,"7986355664",448670005770075,"540080728946",Ask,Maker,3.715000000000000000,3.331000000000000000,WAVES,12.374665000000000000,USDT,-0.000333100000000000,WAVES,false,Trade
2024-03-23 12:53:24.642921589,2024-03-23 12:53:24.634475000,9202033814989543480,gt.sub1,DOGE_USDT|GateioSpot,3790005870075,"7986366502",448860005770075,"540081166850",Bid,Maker,0.167479000000000000,500.000000000000000000,DOGE,83.739500000000000000,USDT,-0.001124472942124345,GT,false,Trade
2024-03-23 12:59:11.040596092,2024-03-23 12:59:11.029000000,9202129197621864894,gt.sub1,DOGE_USDT|GateioSpot,3800005870075,"",450200005770075,"540085062241",Bid,Maker,0.167205000000000000,500.000000000000000000,DOGE,83.602500000000000000,USDT,-0.001118877141327623,GT,true,OrderChange
2024-03-23 13:00:14.718286597,2024-03-23 13:00:14.712000000,9202145415421294717,gt.sub1,DOGE_USDT|GateioSpot,3820005870075,"",450470005770075,"540085615202",Bid,Maker,0.166298000000000000,500.000000000000000000,DOGE,83.149000000000000000,USDT,-0.001111617647058824,GT,true,OrderChange
2024-03-23 13:01:57.305324591,2024-03-23 13:01:57.299000000,9202174827356843132,gt.sub1,DOGE_USDT|GateioSpot,3840005870075,"",451050005770075,"540086695198",Bid,Maker,0.165353000000000000,500.000000000000000000,DOGE,82.676500000000000000,USDT,-0.008267650000000000,USDT,true,OrderChange
2024-03-23 13:04:15.736067966,2024-03-23 13:04:15.726000000,9202211935874444236,gt.sub1,DOGE_USDT|GateioSpot,3860005870075,"",451510005770075,"540088079217",Bid,Maker,0.165203000000000000,500.000000000000000000,DOGE,82.601500000000000000,USDT,-0.001104002940390270,GT,true,OrderChange
2024-03-23 13:11:21.611925183,2024-03-23 13:11:21.601180000,9202329583618514793,gt.sub1,ADA_USDT|GateioSpot,3880005870075,"7986520911",452640005770075,"540091723464",Ask,Maker,0.633300000000000000,75.000000000000000000,ADA,47.497500000000000000,USDT,-0.000632625199786894,GT,false,Trade
2024-03-23 13:36:49.225342604,2024-03-23 13:36:49.184156000,9202749871936561926,gt.sub1,SOL_USDT|GateioSpot,3900005870075,"7986720118",456710005770075,"540106390721",Bid,Maker,175.980000000000000000,0.450000000000000000,SOL,79.191000000000000000,USDT,-0.001051812989772878,GT,false,Trade
2024-03-23 13:48:37.500289207,2024-03-23 13:48:37.341340000,9202944485495424533,gt.sub1,ADA_USDT|GateioSpot,3910005870075,"7986810295",458990005770075,"540112594962",Ask,Maker,0.631500000000000000,75.000000000000000000,ADA,47.362500000000000000,USDT,-0.007500000000000000,ADA,false,Trade
2024-03-23 13:48:37.655548694,2024-03-23 13:48:37.593125000,9202944485497156788,gt.sub1,ETH_USDT|GateioSpot,3920005870075,"7986810601",459010005770075,"540112604477",Ask,Maker,3356.860000000000000000,0.020000000000000000,ETH,67.137200000000000000,USDT,-0.001331206873760740,GT,false,Trade
2024-03-23 13:48:37.655848944,2024-03-23 13:48:37.545187000,9202944485496956341,gt.sub1,DOGE_USDT|GateioSpot,3930005870075,"7986810532",458970005770075,"540112592060",Ask,Maker,0.164108000000000000,500.000000000000000000,DOGE,82.054000000000000000,USDT,-0.001084653007270324,GT,false,Trade
2024-03-23 13:48:39.807285759,2024-03-23 13:48:39.787751000,9202945035252971029,gt.sub1,WAVES_USDT|GateioSpot,3940005870075,"7986812315",458950005770075,"540112454881",Ask,Maker,3.697000000000000000,20.000000000000000000,WAVES,73.940000000000000000,USDT,-0.000977395902181097,GT,false,Trade
2024-03-23 13:48:39.971051468,2024-03-23 13:48:39.860238000,9202945035252971062,gt.sub1,SOL_USDT|GateioSpot,3950005870075,"7986812347",459060005770075,"540112752909",Ask,Maker,176.060000000000000000,0.450000000000000000,SOL,79.227000000000000000,USDT,-0.001047421998942359,GT,false,Trade
2024-03-23 13:48:40.673833560,2024-03-23 13:48:40.670000000,9202945310127613966,gt.sub1,ADA_USDT|GateioSpot,3960005870075,"",459120005770075,"540112771269",Bid,Taker,0.633300000000000000,75.000000000000000000,ADA,47.497500000000000000,USDT,0.000000000000000000,GT,true,OrderChange
2024-03-23 13:48:40.835965649,2024-03-23 13:48:40.832000000,9202945310130009718,gt.sub1,SOL_USDT|GateioSpot,3980005870075,"",459160005770075,"540112774679",Bid,Taker,176.140000000000000000,0.450000000000000000,SOL,79.263000000000000000,USDT,0.000000000000000000,GT,true,OrderChange
2024-03-23 13:58:16.904813575,2024-03-23 13:58:16.896000000,9203100891024032640,gt.sub1,DOGE_USDT|GateioSpot,4000005870075,"",461100005770075,"540117172928",Bid,Maker,0.164900000000000000,500.000000000000000000,DOGE,82.450000000000000000,USDT,-0.008245000000000000,USDT,true,OrderChange
2024-03-23 14:03:59.915993948,2024-03-23 14:03:59.901000000,9203197922926568754,gt.sub1,XRP_USDT|GateioSpot,4020005870075,"",462330005770075,"540121361226",Ask,Maker,0.626130000000000000,75.000000000000000000,XRP,46.959750000000000000,USDT,-0.000619521767810026,GT,true,OrderChange
2024-03-23 14:05:04.237945051,2024-03-23 14:05:04.213808000,9203215789989607576,gt.sub1,XRP_USDT|GateioSpot,4040005870075,"7986948365",462570005770075,"540121777040",Ask,Maker,0.627150000000000000,75.000000000000000000,XRP,47.036250000000000000,USDT,-0.000620113775691817,GT,false,Trade
2024-03-23 14:05:04.420819839,2024-03-23 14:05:04.402218000,9203215789990261550,gt.sub1,XRP_USDT|GateioSpot,4050005870075,"7986948500",462690005770075,"540122076014",Bid,Taker,0.627950000000000000,75.000000000000000000,XRP,47.096250000000000000,USDT,0.016500000000000000,XRP,false,Trade
2024-03-23 14:05:04.476443240,2024-03-23 14:05:04.471000000,9203215789990261588,gt.sub1,XRP_USDT|GateioSpot,4060005870075,"",462710005770075,"540122077447",Bid,Taker,0.628190000000000000,90.000000000000000000,XRP,56.537100000000000000,USDT,0.000000000000000000,GT,true,OrderChange
2024-03-23 14:06:45.535573869,2024-03-23 14:06:45.527000000,9203243002902197043,gt.sub1,XRP_USDT|GateioSpot,4080005870075,"",463130005770075,"540123013639",Bid,Maker,0.631470000000000000,27.249000000000000000,XRP,17.206926030000000000,USDT,-0.001720692603000000,USDT,true,OrderChange
2024-03-23 14:06:45.538248111,2024-03-23 14:06:45.529000000,9203243552659092104,gt.sub1,XRP_USDT|GateioSpot,4090005870075,"",463130005770075,"540123013639",Bid,Maker,0.631470000000000000,47.751000000000000000,XRP,30.153323970000000000,USDT,-0.000397067737292599,GT,true,OrderChange
2024-03-23 14:07:19.188087256,2024-03-23 14:07:19.178000000,9203251524116350135,gt.sub1,XRP_USDT|GateioSpot,4120005870075,"",463360005770075,"540123284038",Bid,Maker,0.630450000000000000,75.000000000000000000,XRP,47.283750000000000000,USDT,-0.000623056397417315,GT,true,OrderChange
2024-03-23 14:19:09.052710720,2024-03-23 14:19:09.040906000,9203447786943776795,gt.sub1,ADA_USDT|GateioSpot,4140005870075,"7987071930",465800005770075,"540129718270",Ask,Maker,0.633000000000000000,75.000000000000000000,ADA,47.475000000000000000,USDT,-0.007500000000000000,ADA,false,Trade
2024-03-23 14:28:18.950422850,2024-03-23 14:28:18.937000000,9203596495891676181,gt.sub1,DOGE_USDT|GateioSpot,4150005870075,"",467240005770075,"540134718500",Ask,Maker,0.164478000000000000,500.000000000000000000,DOGE,82.239000000000000000,USDT,-0.001060737778924287,GT,true,OrderChange
2024-03-23 14:28:18.990490863,2024-03-23 14:28:18.983203000,9203598969792501616,gt.sub1,DOGE_USDT|GateioSpot,4170005870075,"7987147579",467340005770075,"540134925530",Ask,Maker,0.164649000000000000,500.000000000000000000,DOGE,82.324500000000000000,USDT,-0.001061840577840836,GT,false,Trade
2024-03-23 14:28:19.214662174,2024-03-23 14:28:19.206000000,9203599244670408637,gt.sub1,DOGE_USDT|GateioSpot,4180005870075,"",467400005770075,"540134929736",Bid,Taker,0.164914000000000000,500.000000000000000000,DOGE,82.457000000000000000,USDT,0.110000000000000000,DOGE,true,OrderChange
2024-03-23 14:28:24.292228483,2024-03-23 14:28:24.279000000,9203599519550220172,gt.sub1,DOGE_USDT|GateioSpot,4200005870075,"",467430005770075,"540134941636",Ask,Maker,0.165025000000000000,500.000000000000000000,DOGE,82.512500000000000000,USDT,-0.001064540059347181,GT,true,OrderChange
2024-03-23 14:28:24.357673627,2024-03-23 14:28:24.342810000,9203600619058040455,gt.sub1,DOGE_USDT|GateioSpot,4220005870075,"7987148751",467480005770075,"540134979521",Ask,Maker,0.165289000000000000,500.000000000000000000,DOGE,82.644500000000000000,USDT,-0.050000000000000000,DOGE,false,Trade
2024-03-23 14:28:24.481848300,2024-03-23 14:28:24.462589000,9203600619060788248,gt.sub1,DOGE_USDT|GateioSpot,4230005870075,"7987148852",467490005770075,"540134981969",Ask,Maker,0.165421000000000000,500.000000000000000000,DOGE,82.710500000000000000,USDT,-0.001067094568442782,GT,false,Trade
2024-03-23 14:28:24.706366712,2024-03-23 14:28:24.701000000,9203600619060735128,gt.sub1,DOGE_USDT|GateioSpot,4240005870075,"",467530005770075,"540134986904",Bid,Taker,0.165829000000000000,500.000000000000000000,DOGE,82.914500000000000000,USDT,0.000000000000000000,GT,true,OrderChange
2024-03-23 14:28:25.500682236,2024-03-23 14:28:25.494000000,9203600893938695268,gt.sub1,ADA_USDT|GateioSpot,4260005870075,"",467570005770075,"540134999388",Bid,Maker,0.634500000000000000,75.000000000000000000,ADA,47.587500000000000000,USDT,-0.000613953038317636,GT,true,OrderChange
2024-03-23 14:30:42.805914203,2024-03-23 14:30:42.638294000,9203638552210663170,gt.sub1,ETH_USDT|GateioSpot,4280005870075,"7987172106",468260005770075,"540136339046",Ask,Maker,3389.210000000000000000,0.020000000000000000,ETH,67.784200000000000000,USDT,-0.001310430467843794,GT,false,Trade
2024-03-23 14:30:44.422503292,2024-03-23 14:30:44.416000000,9203639101968572426,gt.sub1,ETH_USDT|GateioSpot,4290005870075,"",468320005770075,"540136424292",Bid,Taker,3390.445931034482758621,0.029000000000000000,ETH,98.322932000000000000,USDT,0.000000000000000000,GT,true,OrderChange
2024-03-23 14:30:51.028872123,2024-03-23 14:30:51.010000000,9203640751232952874,gt.sub1,ADA_USDT|GateioSpot,4320005870075,"",468580005770075,"540136547632",Bid,Taker,0.637500000000000000,70.000000000000000000,ADA,44.625000000000000000,USDT,0.000000000000000000,GT,true,OrderChange
2024-03-23 14:30:53.043618116,2024-03-23 14:30:53.032000000,9203641575866673848,gt.sub1,SOL_USDT|GateioSpot,4340005870075,"",468700005770075,"540136586063",Ask,Taker,177.610000000000000000,0.450000000000000000,SOL,79.924500000000000000,USDT,0.000000000000000000,GT,true,OrderChange
2024-03-23 14:31:08.684440730,2024-03-23 14:31:08.675334000,9203645699038339726,gt.sub1,ETH_USDT|GateioSpot,4360005870075,"7987183393",468710005770075,"540136587363",Bid,Maker,3393.300000000000000000,0.020000000000000000,ETH,67.866000000000000000,USDT,-0.010179900000000000,USDT,false,Trade
2024-03-23 14:33:06.012597470,2024-03-23 14:33:06.002936000,9203677859752949054,gt.sub1,SOL_USDT|GateioSpot,4370005870075,"7987208105",469890005770075,"540138443471",Bid,Maker,178.620000000000000000,0.450000000000000000,SOL,80.379000000000000000,USDT,-0.001036880804953560,GT,false,Trade
2024-03-23 14:33:59.256632773,2024-03-23 14:33:59.243136000,9203692703158654003,gt.sub1,DOGE_USDT|GateioSpot,4380005870075,"7987216939",470240005770075,"540139079995",Ask,Maker,0.167256000000000000,43.500000000000000000,DOGE,7.275636000000000000,USDT,-0.004350000000000000,DOGE,false,Trade
2024-03-23 14:33:59.293176708,2024-03-23 14:33:59.254812000,9203692703160479507,gt.sub1,DOGE_USDT|GateioSpot,4390005870075,"7987216943",470240005770075,"540139079995",Ask,Maker,0.167256000000000000,456.500000000000000000,DOGE,76.352364000000000000,USDT,-0.045650000000000000,DOGE,false,Trade
2024-03-23 14:34:06.645675419,2024-03-23 14:34:06.636000000,9203694077549254467,gt.sub1,XRP_USDT|GateioSpot,4400005870075,"",470320005770075,"540139160402",Bid,Maker,0.629850000000000000,75.000000000000000000,XRP,47.238750000000000000,USDT,-0.000609217823059066,GT,true,OrderChange
2024-03-23 14:34:07.943627325,2024-03-23 14:34:07.935000000,9203694902181152125,gt.sub1,XRP_USDT|GateioSpot,4420005870075,"",470350005770075,"540139238520",Bid,Maker,0.629720000000000000,75.000000000000000000,XRP,47.229000000000000000,USDT,-0.000609092081506319,GT,true,OrderChange
2024-03-23 14:36:01.222427058,2024-03-23 14:36:01.216000000,9203725688508108912,gt.sub1,DOGE_USDT|GateioSpot,4440005870075,"",470940005770075,"540140333592",Ask,Maker,0.167069000000000000,500.000000000000000000,DOGE,83.534500000000000000,USDT,-0.050000000000000000,DOGE,true,OrderChange
2024-03-23 14:40:41.222056844,2024-03-23 14:40:41.196901000,9203803204078962347,gt.sub1,XRP_USDT|GateioSpot,4460005870075,"7987287784",472330005770075,"540143350644",Bid,Maker,0.629520000000000000,75.000000000000000000,XRP,47.214000000000000000,USDT,-0.000608741619391439,GT,false,Trade
2024-03-23 14:40:41.761664904,2024-03-23 14:40:41.659865000,9203803204076221782,gt.sub1,ADA_USDT|GateioSpot,4470005870075,"7987288135",472270005770075,"540143325779",Bid,Maker,0.637300000000000000,75.000000000000000000,ADA,47.797500000000000000,USDT,-0.000616264827230531,GT,false,Trade
2024-03-23 14:40:42.160814817,2024-03-23 14:40:42.073742000,9203803204078962464,gt.sub1,ETH_USDT|GateioSpot,4480005870075,"7987288336",472360005770075,"540143398043",Bid,Maker,3407.780000000000000000,0.020000000000000000,ETH,68.155600000000000000,USDT,-0.001318120165033522,GT,false,Trade
2024-03-23 14:40:42.622401474,2024-03-23 14:40:42.616000000,9203803478953592798,gt.sub1,ADA_USDT|GateioSpot,4490005870075,"",472460005770075,"540143495287",Ask,Taker,0.637000000000000000,70.000000000000000000,ADA,44.590000000000000000,USDT,0.000000000000000000,GT,true,OrderChange
2024-03-23 14:40:44.256732290,2024-03-23 14:40:44.204915000,9203804028710026218,gt.sub1,DOGE_USDT|GateioSpot,4510005870075,"7987289534",472590005770075,"540143525422",Ask,Maker,0.167153000000000000,500.000000000000000000,DOGE,83.576500000000000000,USDT,-0.050000000000000000,DOGE,false,Trade
2024-03-23 14:40:48.193253782,2024-03-23 14:40:48.189000000,9203805128221812134,gt.sub1,DOGE_USDT|GateioSpot,4520005870075,"",472740005770075,"540143601799",Ask,Taker,0.167126000000000000,475.000000000000000000,DOGE,79.384850000000000000,USDT,0.000000000000000000,GT,true,OrderChange
2024-03-23 14:47:23.058049512,2024-03-23 14:47:23.047000000,9203913430116814824,gt.sub1,DOGE_USDT|GateioSpot,4540005870075,"",474240005770075,"540147610619",Ask,Maker,0.168204000000000000,500.000000000000000000,DOGE,84.102000000000000000,USDT,-0.050000000000000000,DOGE,true,OrderChange
2024-03-23 14:47:58.644452323,2024-03-23 14:47:58.635000000,9203921951332534783,gt.sub1,XRP_USDT|GateioSpot,4560005870075,"",474320005770075,"540147703411",Bid,Maker,0.630100000000000000,75.000000000000000000,XRP,47.257500000000000000,USDT,-0.000610719824243991,GT,true,OrderChange
2024-03-23 15:00:35.952865187,2024-03-23 15:00:35.943000000,9204130858543338479,gt.sub1,DOGE_USDT|GateioSpot,4580005870075,"",476700005770075,"540154821685",Bid,Maker,0.166680000000000000,500.000000000000000000,DOGE,83.340000000000000000,USDT,-0.001079813423166623,GT,true,OrderChange
2024-03-23 15:02:50.758575409,2024-03-23 15:02:50.748584000,9204168241938338923,gt.sub1,WAVES_USDT|GateioSpot,4600005870075,"7987486316",477400005770075,"540156184601",Ask,Maker,3.777000000000000000,20.000000000000000000,WAVES,75.540000000000000000,USDT,-0.000988872889121613,GT,false,Trade
2024-03-23 15:02:54.179210669,2024-03-23 15:02:54.171000000,9204168516816245879,gt.sub1,WAVES_USDT|GateioSpot,4610005870075,"",477490005770075,"540156441288",Ask,Maker,3.779000000000000000,20.000000000000000000,WAVES,75.580000000000000000,USDT,-0.000989267015706806,GT,true,OrderChange
2024-03-23 15:05:37.424106230,2024-03-23 15:05:37.417000000,9204214421425105763,gt.sub1,WAVES_USDT|GateioSpot,4630005870075,"",477870005770075,"540157454401",Ask,Maker,3.788000000000000000,20.000000000000000000,WAVES,75.760000000000000000,USDT,-0.000989421444429933,GT,true,OrderChange
2024-03-23 15:07:30.170211637,2024-03-23 15:07:30.090684000,9204245482628875855,gt.sub1,WAVES_USDT|GateioSpot,4650005870075,"7987534549",478640005770075,"540158897655",Ask,Maker,3.809000000000000000,20.000000000000000000,WAVES,76.180000000000000000,USDT,-0.002000000000000000,WAVES,false,Trade
2024-03-23 15:10:21.480511164,2024-03-23 15:10:21.471150000,9204292211874112234,gt.sub1,WAVES_USDT|GateioSpot,4660005870075,"7987557986",479860005770075,"540161167170",Ask,Maker,3.795000000000000000,20.000000000000000000,WAVES,75.900000000000000000,USDT,-0.002000000000000000,WAVES,false,Trade
2024-03-23 15:11:24.900208999,2024-03-23 15:11:24.893000000,9204309529183789867,gt.sub1,DOGE_USDT|GateioSpot,4670005870075,"",479790005770075,"540161068153",Bid,Maker,0.165384000000000000,500.000000000000000000,DOGE,82.692000000000000000,USDT,-0.001083916633896972,GT,true,OrderChange
2024-03-23 15:12:29.131701529,2024-03-23 15:12:29.128000000,9204327671124417758,gt.sub1,SOL_USDT|GateioSpot,4690005870075,"",480370005770075,"540162433284",Ask,Taker,176.300000000000000000,0.450000000000000000,SOL,79.335000000000000000,USDT,0.000000000000000000,GT,true,OrderChange
2024-03-23 15:18:07.372366403,2024-03-23 15:18:07.364000000,9204420579854821591,gt.sub1,WAVES_USDT|GateioSpot,4710005870075,"",481330005770075,"540165336033",Ask,Maker,3.751000000000000000,20.000000000000000000,WAVES,75.020000000000000000,USDT,-0.003000000000000000,WAVES,true,MdCumulativeOptimisticAnonTrade
2024-03-23 15:19:08.757024560,2024-03-23 15:19:08.752000000,9204437347409018050,gt.sub1,ETH_USDT|GateioSpot,4730005870075,"",481780005770075,"540166380970",Ask,Taker,3397.920000000000000000,0.033000000000000000,ETH,112.131360000000000000,USDT,0.000000000000000000,GT,true,OrderChange
2024-03-23 15:19:12.399586798,2024-03-23 15:19:12.337300000,9204438446920759418,gt.sub1,SOL_USDT|GateioSpot,4750005870075,"7987636986",481920005770075,"540166448401",Bid,Maker,175.190000000000000000,0.450000000000000000,SOL,78.835500000000000000,USDT,-0.007883550000000000,USDT,false,Trade
2024-03-23 15:19:12.881699853,2024-03-23 15:19:12.878000000,9204438446919431753,gt.sub1,SOL_USDT|GateioSpot,4760005870075,"",481960005770075,"540166460687",Ask,Taker,175.120000000000000000,0.710000000000000000,SOL,124.335200000000000000,USDT,0.000000000000000000,GT,true,OrderChange
2024-03-23 15:19:12.965870687,2024-03-23 15:19:12.952738000,9204438446919718265,gt.sub1,SOL_USDT|GateioSpot,4780005870075,"7987637261",481970005770075,"540166461933",Ask,Maker,175.270000000000000000,0.450000000000000000,SOL,78.871500000000000000,USDT,-0.001038876448893572,GT,false,Trade
2024-03-23 15:19:13.206378157,2024-03-23 15:19:13.171910000,9204438721797338793,gt.sub1,SOL_USDT|GateioSpot,4790005870075,"7987637350",482020005770075,"540166465614",Ask,Maker,175.320000000000000000,0.190000000000000000,SOL,33.310800000000000000,USDT,-0.000019000000000000,SOL,false,Trade
2024-03-23 15:19:46.672982569,2024-03-23 15:19:46.663126000,9204447792769482538,gt.sub1,DOGE_USDT|GateioSpot,4800005870075,"7987644847",482540005770075,"540166925037",Ask,Maker,0.164367000000000000,500.000000000000000000,DOGE,82.183500000000000000,USDT,-0.050000000000000000,DOGE,false,Trade
2024-03-23 16:05:50.144865298,2024-03-23 16:05:50.134000000,9205207005547577491,gt.sub1,SOL_USDT|GateioSpot,4810005870075,"",488410005770075,"540192076851",Bid,Maker,174.370000000000000000,0.450000000000000000,SOL,78.466500000000000000,USDT,-0.007846650000000000,USDT,true,OrderChange
2024-03-23 16:05:50.214736601,2024-03-23 16:05:50.208000000,9205207555303830397,gt.sub1,SOL_USDT|GateioSpot,4830005870075,"",488540005770075,"540192839633",Ask,Taker,174.240000000000000000,0.450000000000000000,SOL,78.408000000000000000,USDT,0.000000000000000000,GT,true,OrderChange
2024-03-23 16:06:58.127581133,2024-03-23 16:06:58.115658000,9205225972124083661,gt.sub1,SOL_USDT|GateioSpot,4850005870075,"7988035919",488630005770075,"540192858882",Bid,Maker,173.780000000000000000,0.450000000000000000,SOL,78.201000000000000000,USDT,-0.007820100000000000,USDT,false,Trade
2024-03-23 16:06:58.587245809,2024-03-23 16:06:58.583000000,9205226246999861142,gt.sub1,SOL_USDT|GateioSpot,4860005870075,"",488960005770075,"540193542867",Ask,Taker,173.860000000000000000,0.230000000000000000,SOL,39.987800000000000000,USDT,0.000000000000000000,GT,true,OrderChange
2024-03-23 16:14:30.308921129,2024-03-23 16:14:30.238691000,9205350216938167701,gt.sub1,ETH_USDT|GateioSpot,4880005870075,"7988099991",490540005770075,"540197845792",Bid,Maker,3402.790000000000000000,0.020000000000000000,ETH,68.055800000000000000,USDT,-0.001344621970495258,GT,false,Trade
2024-03-23 16:37:05.895990586,2024-03-23 16:37:05.893000000,9205722951378201245,gt.sub1,WAVES_USDT|GateioSpot,4890005870075,"",494180005770075,"540210326264",Ask,Taker,3.746000000000000000,20.000000000000000000,WAVES,74.920000000000000000,USDT,0.000000000000000000,GT,true,OrderChange
2024-03-23 16:40:26.382792016,2024-03-23 16:40:26.338425000,9205778201839007274,gt.sub1,DOGE_USDT|GateioSpot,4910005870075,"7988309531",494540005770075,"540212028385",Ask,Maker,0.167896000000000000,500.000000000000000000,DOGE,83.948000000000000000,USDT,-0.001099515389652914,GT,false,Trade
2024-03-23 16:40:26.532875065,2024-03-23 16:40:26.527000000,9205778201838282494,gt.sub1,ETH_USDT|GateioSpot,4920005870075,"",494570005770075,"540212048332",Bid,Taker,3414.700000000000000000,0.023000000000000000,ETH,78.538100000000000000,USDT,0.000000000000000000,GT,true,OrderChange
2024-03-23 16:40:30.571159592,2024-03-23 16:40:30.559364000,9205779301349910366,gt.sub1,DOGE_USDT|GateioSpot,4940005870075,"7988310891",494660005770075,"540212095037",Ask,Maker,0.168634000000000000,500.000000000000000000,DOGE,84.317000000000000000,USDT,-0.001104348395546824,GT,false,Trade
2024-03-23 16:40:31.517009298,2024-03-23 16:40:31.505000000,9205779576226476102,gt.sub1,DOGE_USDT|GateioSpot,4950005870075,"",494760005770075,"540212111712",Ask,Maker,0.169148000000000000,500.000000000000000000,DOGE,84.574000000000000000,USDT,-0.050000000000000000,DOGE,true,OrderChange
2024-03-23 16:40:31.878376511,2024-03-23 16:40:31.868000000,9205779576226421912,gt.sub1,DOGE_USDT|GateioSpot,4970005870075,"",494770005770075,"540212112070",Bid,Maker,0.169091000000000000,500.000000000000000000,DOGE,84.545500000000000000,USDT,-0.008454550000000000,USDT,true,OrderChange
2024-03-23 16:40:35.239056750,2024-03-23 16:40:35.232829000,9205780675738025754,gt.sub1,DOGE_USDT|GateioSpot,4990005870075,"7988312566",495130005770075,"540212160310",Bid,Maker,0.169159000000000000,94.950000000000000000,DOGE,16.061647050000000000,USDT,-0.001606164705000000,USDT,false,Trade
2024-03-23 16:40:35.533762001,2024-03-23 16:40:35.526502000,9205780675738025772,gt.sub1,DOGE_USDT|GateioSpot,5000005870075,"7988312604",495130005770075,"540212160310",Bid,Maker,0.169159000000000000,405.050000000000000000,DOGE,68.517852950000000000,USDT,-0.000897417851342502,GT,false,Trade
2024-03-23 16:40:56.451123541,2024-03-23 16:40:56.443000000,9205786448174096238,gt.sub1,DOGE_USDT|GateioSpot,5010005870075,"",495430005770075,"540212333072",Bid,Maker,0.169238000000000000,500.000000000000000000,DOGE,84.619000000000000000,USDT,-0.001108449043751637,GT,true,OrderChange
2024-03-23 16:45:19.513873199,2024-03-23 16:45:19.504912000,9205858741063904652,gt.sub1,ADA_USDT|GateioSpot,5030005870075,"7988356149",496330005770075,"540214616396",Bid,Maker,0.634600000000000000,75.000000000000000000,ADA,47.595000000000000000,USDT,-0.004759500000000000,USDT,false,Trade
2024-03-23 16:47:18.850050955,2024-03-23 16:47:18.833342000,9205891451535373406,gt.sub1,ETH_USDT|GateioSpot,5040005870075,"7988375569",496920005770075,"540216117170",Ask,Maker,3427.860000000000000000,0.020000000000000000,ETH,68.557200000000000000,USDT,-0.000003000000000000,ETH,false,Trade
2024-03-23 16:48:09.117964546,2024-03-23 16:48:09.108490000,9205905195432961174,gt.sub1,DOGE_USDT|GateioSpot,5050005870075,"7988383133",497420005770075,"540216777800",Ask,Maker,0.170966000000000000,500.000000000000000000,DOGE,85.483000000000000000,USDT,-0.001121235571878279,GT,false,Trade
2024-03-23 16:50:00.177504829,2024-03-23 16:50:00.171864000,9205935706878753464,gt.sub1,DOGE_USDT|GateioSpot,5060005870075,"7988396552",498110005770075,"540217772904",Ask,Maker,0.171044000000000000,435.540000000000000000,DOGE,74.496503760000000000,USDT,-0.000978157875000000,GT,false,Trade
2024-03-23 16:52:57.663409293,2024-03-23 16:52:57.656122000,9205981611490754121,gt.sub1,SOL_USDT|GateioSpot,5070005870075,"7988424977",499280005770075,"540219441211",Ask,Maker,175.690000000000000000,0.220000000000000000,SOL,38.651800000000000000,USDT,-0.000507374639012864,GT,false,Trade
2024-03-23 16:57:37.392228553,2024-03-23 16:57:37.385800000,9206059401937098593,gt.sub1,DOGE_USDT|GateioSpot,5080005870075,"7988468677",500390005770075,"540222177941",Bid,Maker,0.172411000000000000,500.000000000000000000,DOGE,86.205500000000000000,USDT,-0.001130267470827324,GT,false,Trade
2024-03-23 16:57:48.868822013,2024-03-23 16:57:48.859685000,9206064624617149272,gt.sub1,ADA_USDT|GateioSpot,5090005870075,"7988469958",500260005770075,"540221890458",Bid,Maker,0.632600000000000000,75.000000000000000000,ADA,47.445000000000000000,USDT,-0.000621658805031447,GT,false,Trade
2024-03-23 16:58:06.857129588,2024-03-23 16:58:06.849000000,9206069572418305626,gt.sub1,DOGE_USDT|GateioSpot,5100005870075,"",500600005770075,"540222413589",Bid,Maker,0.172288000000000000,500.000000000000000000,DOGE,86.144000000000000000,USDT,-0.001129017038007864,GT,true,OrderChange
2024-03-23 16:58:41.599298793,2024-03-23 16:58:41.576569000,9206078368512344173,gt.sub1,ADA_USDT|GateioSpot,5120005870075,"7988476673",500860005770075,"540222815781",Bid,Maker,0.631900000000000000,75.000000000000000000,ADA,47.392500000000000000,USDT,-0.000621133682830931,GT,false,Trade
2024-03-23 16:58:43.262280319,2024-03-23 16:58:43.254933000,9206079468024317185,gt.sub1,DOGE_USDT|GateioSpot,5130005870075,"7988476954",500810005770075,"540222738373",Bid,Maker,0.172338000000000000,204.160000000000000000,DOGE,35.184526080000000000,USDT,-0.000461134024639581,GT,false,Trade
2024-03-23 16:58:43.262376622,2024-03-23 16:58:43.255256000,9206079742901615034,gt.sub1,DOGE_USDT|GateioSpot,5140005870075,"7988476955",500810005770075,"540222738373",Bid,Maker,0.172338000000000000,295.840000000000000000,DOGE,50.984473920000000000,USDT,-0.000668210667365662,GT,false,Trade
2024-03-23 16:58:45.067296964,2024-03-23 16:58:45.061000000,9206080017779645022,gt.sub1,DOGE_USDT|GateioSpot,5150005870075,"",501100005770075,"540222875407",Bid,Maker,0.172297000000000000,500.000000000000000000,DOGE,86.148500000000000000,USDT,-0.001129076015727392,GT,true,OrderChange
2024-03-23 17:00:35.579634644,2024-03-23 17:00:35.571882000,9206108605084166353,gt.sub1,DOGE_USDT|GateioSpot,5170005870075,"7988492972",501400005770075,"540223597924",Ask,Maker,0.172828000000000000,500.000000000000000000,DOGE,86.414000000000000000,USDT,-0.001132258909853249,GT,false,Trade
2024-03-23 17:00:46.991720706,2024-03-23 17:00:46.984000000,9206113003129703902,gt.sub1,DOGE_USDT|GateioSpot,5180005870075,"",501550005770075,"540223970650",Ask,Maker,0.173056000000000000,500.000000000000000000,DOGE,86.528000000000000000,USDT,-0.001133752620545073,GT,true,OrderChange
2024-03-23 17:01:33.393466058,2024-03-23 17:01:33.384000000,9206126197267968403,gt.sub1,XRP_USDT|GateioSpot,5200005870075,"",501810005770075,"540224087835",Bid,Maker,0.626100000000000000,75.000000000000000000,XRP,46.957500000000000000,USDT,-0.000615351854278600,GT,true,OrderChange
2024-03-23 17:01:44.964211199,2024-03-23 17:01:44.922469000,9206129495803898983,gt.sub1,ADA_USDT|GateioSpot,5220005870075,"7988506007",501620005770075,"540224040273",Bid,Maker,0.631500000000000000,75.000000000000000000,ADA,47.362500000000000000,USDT,-0.000620821863940228,GT,false,Trade
2024-03-23 17:01:45.405000462,2024-03-23 17:01:45.401000000,9206129770681211263,gt.sub1,ADA_USDT|GateioSpot,5230005870075,"",502070005770075,"540224581769",Ask,Taker,0.631200000000000000,75.000000000000000000,ADA,47.340000000000000000,USDT,0.000000000000000000,GT,true,OrderChange
2024-03-23 17:02:04.195589364,2024-03-23 17:02:04.189880000,9206133618971444708,gt.sub1,DOGE_USDT|GateioSpot,5250005870075,"7988508506",502320005770075,"540224724129",Bid,Maker,0.172635000000000000,500.000000000000000000,DOGE,86.317500000000000000,USDT,-0.001131439244986237,GT,false,Trade
2024-03-23 17:02:04.346566786,2024-03-23 17:02:04.343000000,9206134993362176289,gt.sub1,DOGE_USDT|GateioSpot,5260005870075,"",502350005770075,"540224776473",Ask,Taker,0.172573000000000000,500.000000000000000000,DOGE,86.286500000000000000,USDT,0.000000000000000000,GT,true,OrderChange
2024-03-23 17:03:08.424212089,2024-03-23 17:03:08.412752000,9206152585548740546,gt.sub1,ADA_USDT|GateioSpot,5280005870075,"7988517562",502190005770075,"540224640891",Bid,Maker,0.630600000000000000,75.000000000000000000,ADA,47.295000000000000000,USDT,-0.004729500000000000,USDT,false,Trade
2024-03-23 17:03:38.819420784,2024-03-23 17:03:38.811410000,9206160282128008408,gt.sub1,DOGE_USDT|GateioSpot,5290005870075,"7988521886",502960005770075,"540225646093",Ask,Maker,0.171228000000000000,500.000000000000000000,DOGE,85.614000000000000000,USDT,-0.001122217852929611,GT,false,Trade
2024-03-23 17:04:13.246835372,2024-03-23 17:04:13.240000000,9206167154075024822,gt.sub1,XRP_USDT|GateioSpot,5300005870075,"",503000005770075,"540225670026",Bid,Maker,0.625480000000000000,75.000000000000000000,XRP,46.911000000000000000,USDT,-0.004691100000000000,USDT,true,OrderChange
2024-03-23 17:11:26.062650079,2024-03-23 17:11:26.054440000,9206288650110255315,gt.sub1,DOGE_USDT|GateioSpot,5320005870075,"7988589156",504420005770075,"540229863805",Ask,Maker,0.173711000000000000,500.000000000000000000,DOGE,86.855500000000000000,USDT,-0.001135811429318687,GT,false,Trade
2024-03-23 17:12:16.099770485,2024-03-23 17:12:16.088217000,9206302943761025997,gt.sub1,DOGE_USDT|GateioSpot,5330005870075,"7988595532",504820005770075,"540230403374",Ask,Maker,0.174592000000000000,500.000000000000000000,DOGE,87.296000000000000000,USDT,-0.001142019884877028,GT,false,Trade
2024-03-23 17:12:25.096548918,2024-03-23 17:12:25.084531000,9206304867906765598,gt.sub1,ADA_USDT|GateioSpot,5340005870075,"7988597029",504500005770075,"540229980952",Bid,Maker,0.631500000000000000,75.000000000000000000,ADA,47.362500000000000000,USDT,-0.004736250000000000,USDT,false,Trade
2024-03-23 17:12:27.537377401,2024-03-23 17:12:27.530119000,9206306242298528920,gt.sub1,DOGE_USDT|GateioSpot,5350005870075,"7988597457",504950005770075,"540230475635",Bid,Maker,0.174142000000000000,500.000000000000000000,DOGE,87.071000000000000000,USDT,-0.001139374509290762,GT,false,Trade
2024-03-23 17:12:27.793899200,2024-03-23 17:12:27.789000000,9206306242296273825,gt.sub1,DOGE_USDT|GateioSpot,5360005870075,"",505110005770075,"540230543486",Ask,Taker,0.174013000000000000,275.000000000000000000,DOGE,47.853575000000000000,USDT,0.000000000000000000,GT,true,OrderChange
2024-03-23 17:13:48.892793454,2024-03-23 17:13:48.864823000,9206328507407226981,gt.sub1,DOGE_USDT|GateioSpot,5380005870075,"7988606934",505320005770075,"540230992991",Ask,Maker,0.173852000000000000,500.000000000000000000,DOGE,86.926000000000000000,USDT,-0.050000000000000000,DOGE,false,Trade
2024-03-23 17:14:06.970860463,2024-03-23 17:14:06.951000000,9206333455211325305,gt.sub1,DOGE_USDT|GateioSpot,5390005870075,"",505500005770075,"540231392223",Ask,Maker,0.174165000000000000,500.000000000000000000,DOGE,87.082500000000000000,USDT,-0.001139375899515897,GT,true,OrderChange
2024-03-23 17:14:07.081057555,2024-03-23 17:14:06.996215000,9206333455212385775,gt.sub1,DOGE_USDT|GateioSpot,5410005870075,"7988609465",505530005770075,"540231404295",Ask,Maker,0.174342000000000000,500.000000000000000000,DOGE,87.171000000000000000,USDT,-0.050000000000000000,DOGE,false,Trade
2024-03-23 17:34:37.122258203,2024-03-23 17:34:37.113000000,9206671829912551872,gt.sub1,SOL_USDT|GateioSpot,5420005870075,"",509370005770075,"540243050772",Ask,Taker,176.130000000000000000,0.450000000000000000,SOL,79.258500000000000000,USDT,0.017436870000000000,USDT,true,OrderChange
2024-03-23 17:41:32.662575816,2024-03-23 17:41:32.652572000,9206785904243638548,gt.sub1,ADA_USDT|GateioSpot,5440005870075,"7988841752",510210005770075,"540246635426",Bid,Maker,0.632800000000000000,75.000000000000000000,ADA,47.460000000000000000,USDT,-0.000614289412373803,GT,false,Trade
2024-03-23 17:45:48.428725822,2024-03-23 17:45:48.420000000,9206853799088706979,gt.sub1,WAVES_USDT|GateioSpot,5450005870075,"",510740005770075,"540249076368",Bid,Maker,3.706000000000000000,20.000000000000000000,WAVES,74.120000000000000000,USDT,-0.007412000000000000,USDT,true,OrderChange
2024-03-23 17:45:51.745839340,2024-03-23 17:45:51.736697000,9206856822744316424,gt.sub1,WAVES_USDT|GateioSpot,5470005870075,"7988876084",510770005770075,"540249171758",Bid,Maker,3.706000000000000000,3.417000000000000000,WAVES,12.663402000000000000,USDT,-0.001266340200000000,USDT,false,Trade
2024-03-23 17:50:25.112150921,2024-03-23 17:50:25.104870000,9206931864414492773,gt.sub1,ADA_USDT|GateioSpot,5480005870075,"7988910081",511040005770075,"540250389033",Bid,Maker,0.633600000000000000,75.000000000000000000,ADA,47.520000000000000000,USDT,-0.004752000000000000,USDT,false,Trade
2024-03-23 18:13:31.845430089,2024-03-23 18:13:31.842000000,9207313394947644520,gt.sub1,DOGE_USDT|GateioSpot,5490005870075,"",513230005770075,"540263426028",Ask,Taker,0.172083000000000000,500.000000000000000000,DOGE,86.041500000000000000,USDT,0.000000000000000000,GT,true,OrderChange
2024-03-23 18:17:20.148606411,2024-03-23 18:17:20.076786000,9207376341988418632,gt.sub1,DOGE_USDT|GateioSpot,5510005870075,"7989110256",513450005770075,"540265137712",Bid,Maker,0.171479000000000000,22.920000000000000000,DOGE,3.930298680000000000,USDT,-0.000393029868000000,USDT,false,Trade
2024-03-23 18:17:20.148681173,2024-03-23 18:17:20.086356000,9207376341991504291,gt.sub1,DOGE_USDT|GateioSpot,5520005870075,"7989110267",513450005770075,"540265137712",Bid,Maker,0.171479000000000000,477.080000000000000000,DOGE,81.809201320000000000,USDT,-0.008180920132000000,USDT,false,Trade
2024-03-23 18:17:27.621563190,2024-03-23 18:17:27.619000000,9207378266135583455,gt.sub1,XRP_USDT|GateioSpot,5530005870075,"",513580005770075,"540265382928",Bid,Taker,0.629720000000000000,75.000000000000000000,XRP,47.229000000000000000,USDT,0.000000000000000000,GT,true,OrderChange
2024-03-23 18:39:11.677149837,2024-03-23 18:39:11.673000000,9207736706925367048,gt.sub1,DOGE_USDT|GateioSpot,5550005870075,"",514890005770075,"540275741181",Ask,Taker,0.170283000000000000,500.000000000000000000,DOGE,85.141500000000000000,USDT,0.000000000000000000,GT,true,OrderChange
2024-03-23 18:44:09.848542002,2024-03-23 18:44:09.844000000,9207818620542853084,gt.sub1,WAVES_USDT|GateioSpot,5570005870075,"",515230005770075,"540278131811",Ask,Taker,3.710000000000000000,20.000000000000000000,WAVES,74.200000000000000000,USDT,0.000000000000000000,GT,true,OrderChange
2024-03-23 18:49:38.410239397,2024-03-23 18:49:38.403000000,9207907955860593646,gt.sub1,ETH_USDT|GateioSpot,5590005870075,"",515540005770075,"540280383705",Ask,Maker,3407.950000000000000000,0.020000000000000000,ETH,68.159000000000000000,USDT,-0.000003000000000000,ETH,true,OrderChange
2024-03-23 19:39:32.554302963,2024-03-23 19:39:32.543784000,9208732039826812975,gt.sub1,DOGE_USDT|GateioSpot,5610005870075,"7989703205",518420005770075,"540305522256",Bid,Maker,0.169059000000000000,500.000000000000000000,DOGE,84.529500000000000000,USDT,-0.001099070341958133,GT,false,Trade
2024-03-23 19:39:32.628619669,2024-03-23 19:39:32.617000000,9208732039825744243,gt.sub1,DOGE_USDT|GateioSpot,5620005870075,"",518460005770075,"540305842750",Ask,Taker,0.169000000000000000,500.000000000000000000,DOGE,84.500000000000000000,USDT,0.000000000000000000,GT,true,OrderChange
2024-03-23 19:39:34.213360637,2024-03-23 19:39:34.210000000,9208732589581558360,gt.sub1,DOGE_USDT|GateioSpot,5640005870075,"",518540005770075,"540305861382",Bid,Taker,0.169166000000000000,500.000000000000000000,DOGE,84.583000000000000000,USDT,0.000000000000000000,GT,true,OrderChange
2024-03-23 20:27:14.978513574,2024-03-23 20:27:14.975000000,9209518740398279468,gt.sub1,SOL_USDT|GateioSpot,5660005870075,"",521440005770075,"540329307031",Ask,Taker,173.380000000000000000,0.450000000000000000,SOL,78.021000000000000000,USDT,0.000000000000000000,GT,true,OrderChange
2024-03-23 21:26:25.339594512,2024-03-23 21:26:25.315837000,9210494831842652449,gt.sub1,DOGE_USDT|GateioSpot,5680005870075,"7990421353",524340005770075,"540356357416",Bid,Maker,0.167209000000000000,500.000000000000000000,DOGE,83.604500000000000000,USDT,-0.008360450000000000,USDT,false,Trade
2024-03-23 21:26:26.690541655,2024-03-23 21:26:26.687000000,9210495106722556815,gt.sub1,DOGE_USDT|GateioSpot,5690005870075,"",524410005770075,"540356449931",Ask,Taker,0.167239000000000000,500.000000000000000000,DOGE,83.619500000000000000,USDT,0.000000000000000000,GT,true,OrderChange
2024-03-23 21:26:29.537168151,2024-03-23 21:26:29.534000000,9210495931357312697,gt.sub1,DOGE_USDT|GateioSpot,5710005870075,"",524480005770075,"540356475310",Ask,Taker,0.166900000000000000,500.000000000000000000,DOGE,83.450000000000000000,USDT,0.000000000000000000,GT,true,OrderChange
2024-03-23 21:26:34.100640075,2024-03-23 21:26:34.095000000,9210497305743112016,gt.sub1,DOGE_USDT|GateioSpot,5730005870075,"",524540005770075,"540356514938",Ask,Taker,0.166337865347368421,475.000000000000000000,DOGE,79.010486039999999975,USDT,0.000000000000000000,GT,true,OrderChange
2024-03-23 22:00:02.520319407,2024-03-23 22:00:02.490565000,9211048985704352055,gt.sub1,DOGE_USDT|GateioSpot,5790005870075,"7990623771",526340005770075,"540370176361",Bid,Maker,0.166953000000000000,500.000000000000000000,DOGE,83.476500000000000000,USDT,-0.001092338393090814,GT,false,Trade
2024-03-23 22:07:50.094455274,2024-03-23 22:07:50.085737000,9211177353687232759,gt.sub1,ADA_USDT|GateioSpot,5800005870075,"7990675422",526780005770075,"540373252853",Bid,Maker,0.631200000000000000,75.000000000000000000,ADA,47.340000000000000000,USDT,-0.000618661787767904,GT,false,Trade
2024-03-23 23:11:27.676524221,2024-03-23 23:11:27.671000000,9212227112414158699,gt.sub1,ETH_USDT|GateioSpot,5810005870075,"",530920005770075,"540403897969",Ask,Taker,3359.480000000000000000,0.020000000000000000,ETH,67.189600000000000000,USDT,0.000000000000000000,GT,true,OrderChange
2024-03-23 23:12:51.512500052,2024-03-23 23:12:51.500512000,9212250202155629979,gt.sub1,ETH_USDT|GateioSpot,5830005870075,"7991098487",531120005770075,"540404697427",Ask,Maker,3362.120000000000000000,0.020000000000000000,ETH,67.242400000000000000,USDT,-0.000003000000000000,ETH,false,Trade
2024-03-23 23:17:20.939809600,2024-03-23 23:17:20.932000000,9212324144315808769,gt.sub1,XRP_USDT|GateioSpot,5840005870075,"",531040005770075,"540404434294",Ask,Maker,0.621910000000000000,75.000000000000000000,XRP,46.643250000000000000,USDT,-0.000611554346400944,GT,true,OrderChange
2024-03-23 23:48:20.424686674,2024-03-23 23:48:20.412000000,9212835417221731329,gt.sub1,DOGE_USDT|GateioSpot,5860005870075,"",533520005770075,"540422345588",Bid,Maker,0.161832000000000000,500.000000000000000000,DOGE,80.916000000000000000,USDT,-0.001054967405475880,GT,true,OrderChange
2024-03-23 23:53:29.011706315,2024-03-23 23:53:29.001620000,9212920354496146257,gt.sub1,ETH_USDT|GateioSpot,5880005870075,"7991386166",534170005770075,"540424698825",Bid,Maker,3350.710000000000000000,0.019000000000000000,ETH,63.663490000000000000,USDT,-0.001243427539062500,GT,false,Trade
2024-03-23 23:53:29.016241244,2024-03-23 23:53:29.008000000,9212920354496470477,gt.sub1,ETH_USDT|GateioSpot,5890005870075,"",534170005770075,"540424698825",Bid,Maker,3350.710000000000000000,0.001000000000000000,ETH,3.350710000000000000,USDT,-0.000065443554687500,GT,true,OrderChange
2024-03-23 23:53:29.051224222,2024-03-23 23:53:29.039208000,9212920354496474973,gt.sub1,ADA_USDT|GateioSpot,5910005870075,"7991386174",534110005770075,"540424476451",Bid,Maker,0.625000000000000000,75.000000000000000000,ADA,46.875000000000000000,USDT,-0.000610351562500000,GT,false,Trade
